id,subscription_start,subscription_end,segment
1,1/12/16,1/2/17,87
2,1/12/16,24/1/17,87
3,1/12/16,7/3/17,87
4,1/12/16,12/2/17,87
5,1/12/16,9/3/17,87
6,1/12/16,19/1/17,87
7,1/12/16,3/2/17,87
8,1/12/16,2/3/17,87
9,1/12/16,17/2/17,87
10,1/12/16,1/1/17,87
11,1/12/16,17/1/17,87
12,1/12/16,7/2/17,87
13,1/12/16,,30
14,1/12/16,7/3/17,30
15,1/12/16,22/2/17,30
16,1/12/16,,30
17,1/12/16,,30
18,2/12/16,29/1/17,87
19,2/12/16,13/1/17,87
20,2/12/16,15/1/17,87
21,2/12/16,15/1/17,87
22,2/12/16,24/1/17,87
23,2/12/16,14/1/17,87
24,2/12/16,18/1/17,87
25,2/12/16,24/2/17,87
26,2/12/16,18/1/17,87
27,2/12/16,11/1/17,87
28,2/12/16,30/3/17,30
29,2/12/16,11/2/17,30
30,2/12/16,20/1/17,30
31,2/12/16,,30
32,2/12/16,11/1/17,30
33,2/12/16,,30
34,2/12/16,6/2/17,30
35,3/12/16,17/2/17,87
36,3/12/16,6/3/17,87
37,3/12/16,8/3/17,87
38,3/12/16,28/2/17,87
39,3/12/16,,30
40,3/12/16,,30
41,3/12/16,,30
42,3/12/16,29/3/17,30
43,3/12/16,,30
44,4/12/16,11/3/17,87
45,4/12/16,2/2/17,87
46,4/12/16,18/2/17,87
47,4/12/16,6/2/17,87
48,4/12/16,12/3/17,87
49,4/12/16,6/3/17,87
50,4/12/16,15/2/17,87
51,4/12/16,6/1/17,87
52,4/12/16,21/2/17,87
53,4/12/16,31/1/17,87
54,4/12/16,8/3/17,87
55,4/12/16,21/2/17,87
56,4/12/16,,30
57,4/12/16,,30
58,4/12/16,,30
59,4/12/16,,30
60,4/12/16,,30
61,4/12/16,,30
62,4/12/16,11/3/17,30
63,4/12/16,14/1/17,30
64,4/12/16,,30
65,4/12/16,,30
66,4/12/16,,30
67,4/12/16,,30
68,5/12/16,13/1/17,87
69,5/12/16,15/2/17,87
70,5/12/16,12/3/17,87
71,5/12/16,13/1/17,87
72,5/12/16,29/1/17,87
73,5/12/16,20/1/17,87
74,5/12/16,9/1/17,87
75,5/12/16,25/2/17,87
76,5/12/16,28/1/17,87
77,5/12/16,9/2/17,87
78,5/12/16,23/1/17,87
79,5/12/16,27/1/17,87
80,5/12/16,11/1/17,87
81,5/12/16,,30
82,5/12/16,,30
83,5/12/16,,30
84,5/12/16,,30
85,5/12/16,,30
86,5/12/16,17/1/17,30
87,5/12/16,,30
88,5/12/16,26/3/17,30
89,5/12/16,,30
90,6/12/16,25/2/17,87
91,6/12/16,14/3/17,87
92,6/12/16,22/2/17,87
93,6/12/16,5/2/17,87
94,6/12/16,28/1/17,87
95,6/12/16,3/2/17,87
96,6/12/16,20/2/17,87
97,6/12/16,12/3/17,87
98,6/12/16,5/3/17,87
99,6/12/16,,30
100,6/12/16,11/3/17,30
101,6/12/16,30/1/17,30
102,6/12/16,25/1/17,30
103,6/12/16,,30
104,6/12/16,23/2/17,30
105,6/12/16,,30
106,6/12/16,30/3/17,30
107,6/12/16,,30
108,6/12/16,26/2/17,30
109,6/12/16,24/1/17,30
110,7/12/16,19/2/17,87
111,7/12/16,8/1/17,87
112,7/12/16,28/1/17,87
113,7/12/16,17/3/17,87
114,7/12/16,26/2/17,87
115,7/12/16,27/2/17,87
116,7/12/16,25/2/17,87
117,7/12/16,1/2/17,87
118,7/12/16,3/3/17,87
119,7/12/16,17/1/17,87
120,7/12/16,26/2/17,30
121,7/12/16,11/2/17,30
122,7/12/16,,30
123,7/12/16,,30
124,7/12/16,,30
125,7/12/16,,30
126,7/12/16,,30
127,7/12/16,,30
128,7/12/16,4/2/17,30
129,7/12/16,,30
130,7/12/16,,30
131,8/12/16,15/2/17,87
132,8/12/16,10/1/17,87
133,8/12/16,4/3/17,87
134,8/12/16,21/2/17,87
135,8/12/16,17/3/17,87
136,8/12/16,17/3/17,87
137,8/12/16,16/3/17,87
138,8/12/16,29/1/17,87
139,8/12/16,13/3/17,30
140,8/12/16,23/1/17,30
141,8/12/16,,30
142,8/12/16,24/3/17,30
143,8/12/16,6/3/17,30
144,8/12/16,,30
145,8/12/16,1/3/17,30
146,8/12/16,16/2/17,30
147,9/12/16,5/3/17,87
148,9/12/16,8/3/17,87
149,9/12/16,9/1/17,87
150,9/12/16,19/3/17,87
151,9/12/16,3/3/17,87
152,9/12/16,21/1/17,87
153,9/12/16,,30
154,9/12/16,,30
155,9/12/16,4/2/17,30
156,9/12/16,,30
157,9/12/16,25/2/17,30
158,9/12/16,,30
159,9/12/16,,30
160,9/12/16,27/3/17,30
161,9/12/16,,30
162,9/12/16,,30
163,9/12/16,,30
164,9/12/16,,30
165,9/12/16,,30
166,9/12/16,,30
167,9/12/16,19/1/17,30
168,9/12/16,13/1/17,30
169,10/12/16,20/1/17,87
170,10/12/16,16/3/17,87
171,10/12/16,17/3/17,87
172,10/12/16,26/1/17,87
173,10/12/16,18/1/17,87
174,10/12/16,15/1/17,87
175,10/12/16,25/1/17,87
176,10/12/16,14/1/17,87
177,10/12/16,11/1/17,87
178,10/12/16,10/3/17,87
179,10/12/16,28/1/17,30
180,10/12/16,,30
181,10/12/16,20/2/17,30
182,10/12/16,,30
183,10/12/16,,30
184,10/12/16,,30
185,10/12/16,,30
186,10/12/16,,30
187,10/12/16,,30
188,10/12/16,,30
189,10/12/16,,30
190,11/12/16,17/2/17,87
191,11/12/16,3/2/17,87
192,11/12/16,4/3/17,87
193,11/12/16,4/2/17,87
194,11/12/16,25/1/17,87
195,11/12/16,19/3/17,87
196,11/12/16,2/2/17,87
197,11/12/16,11/3/17,87
198,11/12/16,31/1/17,87
199,11/12/16,21/1/17,87
200,11/12/16,6/3/17,87
201,11/12/16,,30
202,11/12/16,20/3/17,30
203,11/12/16,,30
204,11/12/16,,30
205,12/12/16,1/2/17,87
206,12/12/16,19/1/17,87
207,12/12/16,16/2/17,87
208,12/12/16,25/2/17,87
209,12/12/16,8/3/17,87
210,12/12/16,4/3/17,87
211,12/12/16,27/2/17,87
212,12/12/16,,30
213,12/12/16,,30
214,12/12/16,,30
215,12/12/16,,30
216,12/12/16,,30
217,12/12/16,,30
218,12/12/16,,30
219,12/12/16,29/1/17,30
220,12/12/16,,30
221,13/12/16,3/2/17,87
222,13/12/16,19/1/17,87
223,13/12/16,22/2/17,87
224,13/12/16,17/3/17,87
225,13/12/16,22/2/17,87
226,13/12/16,21/3/17,87
227,13/12/16,24/1/17,87
228,13/12/16,30/1/17,87
229,13/12/16,,30
230,13/12/16,27/2/17,30
231,13/12/16,17/1/17,30
232,13/12/16,30/1/17,30
233,13/12/16,,30
234,13/12/16,,30
235,13/12/16,17/2/17,30
236,13/12/16,,30
237,13/12/16,,30
238,13/12/16,,30
239,13/12/16,,30
240,13/12/16,21/1/17,30
241,14/12/16,13/2/17,87
242,14/12/16,22/2/17,87
243,14/12/16,17/2/17,87
244,14/12/16,24/3/17,87
245,14/12/16,19/3/17,87
246,14/12/16,,30
247,14/12/16,,30
248,14/12/16,,30
249,14/12/16,,30
250,14/12/16,,30
251,14/12/16,,30
252,15/12/16,23/3/17,87
253,15/12/16,17/1/17,87
254,15/12/16,31/1/17,87
255,15/12/16,22/2/17,87
256,15/12/16,5/2/17,87
257,15/12/16,19/1/17,87
258,15/12/16,7/3/17,87
259,15/12/16,23/1/17,87
260,15/12/16,23/1/17,87
261,15/12/16,20/3/17,87
262,15/12/16,3/3/17,87
263,15/12/16,,30
264,15/12/16,11/2/17,30
265,15/12/16,4/3/17,30
266,15/12/16,,30
267,15/12/16,4/3/17,30
268,15/12/16,,30
269,15/12/16,,30
270,15/12/16,,30
271,16/12/16,23/3/17,87
272,16/12/16,17/3/17,87
273,16/12/16,28/1/17,87
274,16/12/16,23/3/17,87
275,16/12/16,19/1/17,87
276,16/12/16,20/1/17,87
277,16/12/16,6/3/17,87
278,16/12/16,10/2/17,87
279,16/12/16,20/3/17,87
280,16/12/16,28/2/17,87
281,16/12/16,,30
282,16/12/16,,30
283,16/12/16,,30
284,16/12/16,,30
285,16/12/16,,30
286,16/12/16,,30
287,16/12/16,10/2/17,30
288,16/12/16,,30
289,16/12/16,15/3/17,30
290,16/12/16,,30
291,16/12/16,,30
292,16/12/16,,30
293,16/12/16,,30
294,17/12/16,17/3/17,87
295,17/12/16,19/2/17,87
296,17/12/16,5/3/17,87
297,17/12/16,25/1/17,87
298,17/12/16,22/2/17,87
299,17/12/16,14/2/17,87
300,17/12/16,25/1/17,87
301,17/12/16,,30
302,17/12/16,,30
303,17/12/16,,30
304,17/12/16,,30
305,17/12/16,,30
306,17/12/16,,30
307,17/12/16,,30
308,17/12/16,,30
309,17/12/16,9/3/17,30
310,17/12/16,,30
311,17/12/16,,30
312,18/12/16,26/1/17,87
313,18/12/16,13/3/17,87
314,18/12/16,8/2/17,87
315,18/12/16,15/2/17,87
316,18/12/16,26/2/17,87
317,18/12/16,21/3/17,87
318,18/12/16,18/2/17,87
319,18/12/16,10/2/17,87
320,18/12/16,23/3/17,87
321,18/12/16,15/2/17,87
322,18/12/16,,30
323,18/12/16,,30
324,18/12/16,,30
325,18/12/16,,30
326,18/12/16,,30
327,18/12/16,21/1/17,30
328,18/12/16,,30
329,18/12/16,,30
330,18/12/16,25/3/17,30
331,19/12/16,5/2/17,87
332,19/12/16,31/1/17,87
333,19/12/16,30/1/17,87
334,19/12/16,24/2/17,87
335,19/12/16,15/2/17,87
336,19/12/16,2/3/17,87
337,19/12/16,20/1/17,87
338,19/12/16,16/2/17,87
339,19/12/16,8/2/17,87
340,19/12/16,26/2/17,87
341,19/12/16,24/3/17,87
342,19/12/16,4/3/17,87
343,19/12/16,15/3/17,87
344,19/12/16,2/3/17,87
345,19/12/16,20/3/17,30
346,19/12/16,31/1/17,30
347,19/12/16,22/2/17,30
348,19/12/16,5/3/17,30
349,19/12/16,25/3/17,30
350,20/12/16,7/2/17,87
351,20/12/16,14/2/17,87
352,20/12/16,27/1/17,87
353,20/12/16,25/3/17,87
354,20/12/16,21/1/17,87
355,20/12/16,20/1/17,87
356,20/12/16,,30
357,20/12/16,3/2/17,30
358,20/12/16,,30
359,20/12/16,15/3/17,30
360,20/12/16,24/1/17,30
361,20/12/16,,30
362,20/12/16,,30
363,20/12/16,,30
364,21/12/16,2/2/17,87
365,21/12/16,13/2/17,87
366,21/12/16,18/2/17,87
367,21/12/16,6/2/17,87
368,21/12/16,23/2/17,87
369,21/12/16,1/3/17,87
370,21/12/16,2/3/17,87
371,21/12/16,1/3/17,87
372,21/12/16,26/3/17,87
373,21/12/16,13/2/17,87
374,21/12/16,,30
375,21/12/16,,30
376,21/12/16,,30
377,21/12/16,19/2/17,30
378,21/12/16,31/3/17,30
379,21/12/16,25/2/17,30
380,21/12/16,,30
381,21/12/16,1/3/17,30
382,22/12/16,8/2/17,87
383,22/12/16,27/3/17,87
384,22/12/16,23/2/17,87
385,22/12/16,9/2/17,87
386,22/12/16,3/3/17,87
387,22/12/16,31/1/17,87
388,22/12/16,24/1/17,87
389,22/12/16,4/2/17,87
390,22/12/16,12/3/17,87
391,22/12/16,19/2/17,87
392,22/12/16,18/3/17,87
393,22/12/16,11/2/17,30
394,22/12/16,,30
395,22/12/16,9/3/17,30
396,22/12/16,,30
397,22/12/16,,30
398,22/12/16,,30
399,22/12/16,,30
400,22/12/16,22/1/17,30
401,22/12/16,,30
402,23/12/16,7/2/17,87
403,23/12/16,16/3/17,87
404,23/12/16,8/3/17,87
405,23/12/16,1/3/17,87
406,23/12/16,16/2/17,87
407,23/12/16,23/3/17,87
408,23/12/16,21/2/17,87
409,23/12/16,23/2/17,87
410,23/12/16,7/2/17,87
411,23/12/16,9/2/17,87
412,23/12/16,24/1/17,87
413,23/12/16,,30
414,23/12/16,,30
415,23/12/16,,30
416,23/12/16,,30
417,23/12/16,,30
418,23/12/16,,30
419,23/12/16,,30
420,23/12/16,22/2/17,30
421,23/12/16,,30
422,23/12/16,,30
423,23/12/16,,30
424,23/12/16,,30
425,24/12/16,28/1/17,87
426,24/12/16,31/3/17,87
427,24/12/16,9/3/17,87
428,24/12/16,28/1/17,87
429,24/12/16,31/3/17,87
430,24/12/16,13/3/17,87
431,24/12/16,,30
432,24/12/16,,30
433,24/12/16,20/3/17,30
434,24/12/16,,30
435,24/12/16,,30
436,24/12/16,23/3/17,30
437,24/12/16,,30
438,24/12/16,,30
439,25/12/16,,87
440,25/12/16,23/3/17,87
441,25/12/16,31/3/17,87
442,25/12/16,27/2/17,87
443,25/12/16,16/2/17,87
444,25/12/16,,30
445,25/12/16,10/2/17,30
446,25/12/16,23/2/17,30
447,25/12/16,,30
448,25/12/16,7/3/17,30
449,26/12/16,23/3/17,87
450,26/12/16,26/3/17,87
451,26/12/16,17/3/17,87
452,26/12/16,,87
453,26/12/16,,87
454,26/12/16,1/2/17,87
455,26/12/16,21/2/17,87
456,26/12/16,22/3/17,87
457,26/12/16,9/3/17,87
458,26/12/16,21/3/17,87
459,26/12/16,28/2/17,30
460,26/12/16,,30
461,26/12/16,,30
462,26/12/16,17/3/17,30
463,26/12/16,10/3/17,30
464,26/12/16,,30
465,26/12/16,,30
466,26/12/16,,30
467,26/12/16,,30
468,27/12/16,25/2/17,87
469,27/12/16,10/3/17,87
470,27/12/16,6/3/17,87
471,27/12/16,29/1/17,87
472,27/12/16,4/3/17,87
473,27/12/16,27/1/17,87
474,27/12/16,14/3/17,87
475,27/12/16,8/3/17,87
476,27/12/16,14/3/17,30
477,27/12/16,29/1/17,30
478,27/12/16,,30
479,27/12/16,,30
480,27/12/16,30/3/17,30
481,27/12/16,,30
482,27/12/16,,30
483,27/12/16,,30
484,27/12/16,,30
485,27/12/16,,30
486,27/12/16,7/3/17,30
487,28/12/16,,87
488,28/12/16,24/3/17,87
489,28/12/16,12/3/17,87
490,28/12/16,,87
491,28/12/16,26/2/17,87
492,28/12/16,9/3/17,87
493,28/12/16,25/3/17,87
494,28/12/16,7/2/17,87
495,28/12/16,,30
496,28/12/16,,30
497,28/12/16,,30
498,28/12/16,12/2/17,30
499,28/12/16,,30
500,28/12/16,,30
501,28/12/16,,30
502,28/12/16,29/3/17,30
503,29/12/16,9/2/17,87
504,29/12/16,7/2/17,87
505,29/12/16,18/3/17,87
506,29/12/16,24/2/17,87
507,29/12/16,,87
508,29/12/16,27/3/17,87
509,29/12/16,,87
510,29/12/16,29/3/17,87
511,29/12/16,27/2/17,87
512,29/12/16,14/2/17,87
513,29/12/16,24/2/17,30
514,29/12/16,,30
515,29/12/16,,30
516,29/12/16,,30
517,29/12/16,,30
518,29/12/16,,30
519,29/12/16,10/2/17,30
520,29/12/16,,30
521,29/12/16,,30
522,29/12/16,29/1/17,30
523,29/12/16,,30
524,30/12/16,28/3/17,87
525,30/12/16,23/2/17,87
526,30/12/16,6/2/17,87
527,30/12/16,12/3/17,87
528,30/12/16,4/2/17,87
529,30/12/16,10/3/17,87
530,30/12/16,6/3/17,87
531,30/12/16,,30
532,30/12/16,,30
533,30/12/16,,30
534,30/12/16,,30
535,30/12/16,,30
536,30/12/16,,30
537,30/12/16,,30
538,30/12/16,,30
539,30/12/16,,30
540,30/12/16,,30
541,30/12/16,3/3/17,30
542,30/12/16,30/1/17,30
543,31/12/16,13/3/17,87
544,31/12/16,19/3/17,87
545,31/12/16,12/3/17,87
546,31/12/16,17/3/17,87
547,31/12/16,,87
548,31/12/16,1/2/17,87
549,31/12/16,4/2/17,87
550,31/12/16,10/2/17,87
551,31/12/16,,87
552,31/12/16,2/2/17,87
553,31/12/16,,30
554,31/12/16,,30
555,31/12/16,5/3/17,30
556,31/12/16,,30
557,31/12/16,,30
558,31/12/16,,30
559,31/12/16,,30
560,31/12/16,,30
561,31/12/16,,30
562,31/12/16,,30
563,31/12/16,2/3/17,30
564,31/12/16,23/2/17,30
565,31/12/16,,30
566,31/12/16,,30
567,31/12/16,13/2/17,30
568,31/12/16,,30
569,31/12/16,,30
570,31/12/16,,30
571,1/1/17,24/3/17,87
572,1/1/17,18/3/17,87
573,1/1/17,2/3/17,87
574,1/1/17,18/2/17,87
575,1/1/17,14/2/17,87
576,1/1/17,28/3/17,87
577,1/1/17,13/3/17,30
578,1/1/17,,30
579,1/1/17,,30
580,1/1/17,,30
581,1/1/17,13/3/17,30
582,1/1/17,,30
583,2/1/17,17/3/17,87
584,2/1/17,4/2/17,87
585,2/1/17,16/2/17,87
586,2/1/17,6/3/17,87
587,2/1/17,,87
588,2/1/17,,30
589,2/1/17,,30
590,2/1/17,,30
591,2/1/17,,30
592,2/1/17,,30
593,2/1/17,,30
594,2/1/17,,30
595,2/1/17,,30
596,2/1/17,,30
597,2/1/17,29/3/17,30
598,3/1/17,21/2/17,87
599,3/1/17,20/2/17,87
600,3/1/17,19/3/17,87
601,3/1/17,14/3/17,87
602,3/1/17,18/2/17,87
603,3/1/17,,87
604,3/1/17,28/2/17,87
605,3/1/17,20/2/17,30
606,3/1/17,,30
607,3/1/17,7/3/17,30
608,3/1/17,,30
609,3/1/17,,30
610,3/1/17,,30
611,3/1/17,,30
612,3/1/17,24/2/17,30
613,3/1/17,,30
614,3/1/17,,30
615,4/1/17,12/3/17,87
616,4/1/17,27/3/17,87
617,4/1/17,27/2/17,87
618,4/1/17,22/3/17,87
619,4/1/17,,87
620,4/1/17,12/2/17,87
621,4/1/17,15/2/17,87
622,4/1/17,12/2/17,87
623,4/1/17,,87
624,4/1/17,9/2/17,87
625,4/1/17,20/3/17,87
626,4/1/17,12/2/17,30
627,4/1/17,,30
628,4/1/17,8/3/17,30
629,4/1/17,,30
630,4/1/17,,30
631,4/1/17,,30
632,4/1/17,15/3/17,30
633,4/1/17,,30
634,4/1/17,,30
635,4/1/17,,30
636,4/1/17,,30
637,4/1/17,,30
638,5/1/17,10/2/17,87
639,5/1/17,5/3/17,87
640,5/1/17,23/2/17,87
641,5/1/17,,87
642,5/1/17,20/2/17,87
643,5/1/17,30/3/17,87
644,5/1/17,,30
645,5/1/17,,30
646,5/1/17,,30
647,6/1/17,31/3/17,87
648,6/1/17,10/2/17,87
649,6/1/17,4/3/17,87
650,6/1/17,1/3/17,87
651,6/1/17,18/3/17,87
652,6/1/17,9/3/17,87
653,6/1/17,16/2/17,87
654,6/1/17,25/2/17,87
655,6/1/17,16/3/17,87
656,6/1/17,4/3/17,87
657,6/1/17,,30
658,6/1/17,,30
659,6/1/17,30/3/17,30
660,6/1/17,,30
661,6/1/17,,30
662,6/1/17,16/3/17,30
663,6/1/17,,30
664,6/1/17,,30
665,7/1/17,,87
666,7/1/17,14/3/17,87
667,7/1/17,,87
668,7/1/17,3/3/17,87
669,7/1/17,,87
670,7/1/17,18/3/17,87
671,7/1/17,,30
672,7/1/17,,30
673,7/1/17,,30
674,8/1/17,11/3/17,87
675,8/1/17,,87
676,8/1/17,10/3/17,87
677,8/1/17,24/3/17,87
678,8/1/17,,87
679,8/1/17,21/3/17,87
680,8/1/17,,87
681,8/1/17,8/3/17,87
682,8/1/17,,87
683,8/1/17,,87
684,8/1/17,,30
685,8/1/17,,30
686,8/1/17,12/2/17,30
687,8/1/17,2/3/17,30
688,8/1/17,31/3/17,30
689,8/1/17,,30
690,9/1/17,28/2/17,87
691,9/1/17,21/3/17,87
692,9/1/17,,87
693,9/1/17,5/3/17,87
694,9/1/17,,87
695,9/1/17,20/2/17,87
696,9/1/17,17/2/17,87
697,9/1/17,,30
698,9/1/17,,30
699,9/1/17,,30
700,9/1/17,,30
701,9/1/17,,30
702,10/1/17,3/3/17,87
703,10/1/17,28/3/17,87
704,10/1/17,23/2/17,87
705,10/1/17,4/3/17,87
706,10/1/17,6/3/17,87
707,10/1/17,1/3/17,87
708,10/1/17,22/2/17,87
709,10/1/17,19/2/17,87
710,10/1/17,7/3/17,87
711,10/1/17,,30
712,10/1/17,,30
713,10/1/17,,30
714,10/1/17,,30
715,10/1/17,,30
716,10/1/17,,30
717,10/1/17,,30
718,10/1/17,6/3/17,30
719,11/1/17,9/3/17,87
720,11/1/17,,87
721,11/1/17,11/3/17,87
722,11/1/17,,87
723,11/1/17,3/3/17,87
724,11/1/17,,30
725,11/1/17,,30
726,11/1/17,,30
727,11/1/17,,30
728,11/1/17,,30
729,11/1/17,,30
730,11/1/17,,30
731,12/1/17,4/3/17,87
732,12/1/17,,87
733,12/1/17,24/2/17,87
734,12/1/17,11/3/17,87
735,12/1/17,,87
736,12/1/17,,87
737,12/1/17,,87
738,12/1/17,,87
739,12/1/17,26/2/17,87
740,12/1/17,21/2/17,87
741,12/1/17,11/3/17,87
742,12/1/17,,30
743,12/1/17,,30
744,12/1/17,,30
745,12/1/17,22/3/17,30
746,12/1/17,,30
747,12/1/17,,30
748,12/1/17,,30
749,12/1/17,,30
750,12/1/17,,30
751,12/1/17,27/3/17,30
752,12/1/17,,30
753,12/1/17,4/3/17,30
754,12/1/17,,30
755,12/1/17,,30
756,12/1/17,,30
757,13/1/17,9/3/17,87
758,13/1/17,17/2/17,87
759,13/1/17,18/2/17,87
760,13/1/17,,87
761,13/1/17,28/3/17,87
762,13/1/17,27/3/17,87
763,13/1/17,,87
764,13/1/17,24/2/17,87
765,13/1/17,26/3/17,87
766,13/1/17,17/2/17,87
767,13/1/17,18/3/17,87
768,13/1/17,,87
769,13/1/17,,87
770,13/1/17,,30
771,13/1/17,,30
772,13/1/17,,30
773,13/1/17,,30
774,13/1/17,,30
775,13/1/17,,30
776,13/1/17,26/3/17,30
777,13/1/17,,30
778,13/1/17,,30
779,13/1/17,,30
780,13/1/17,,30
781,13/1/17,,30
782,14/1/17,,87
783,14/1/17,14/2/17,87
784,14/1/17,16/3/17,87
785,14/1/17,,87
786,14/1/17,15/3/17,87
787,14/1/17,9/3/17,87
788,14/1/17,18/2/17,87
789,14/1/17,,87
790,14/1/17,26/2/17,87
791,14/1/17,,87
792,14/1/17,,87
793,14/1/17,,30
794,14/1/17,27/2/17,30
795,14/1/17,,30
796,14/1/17,,30
797,14/1/17,,30
798,15/1/17,30/3/17,87
799,15/1/17,12/3/17,87
800,15/1/17,23/3/17,87
801,15/1/17,18/2/17,87
802,15/1/17,10/3/17,87
803,15/1/17,14/3/17,87
804,15/1/17,,87
805,15/1/17,,87
806,15/1/17,,30
807,15/1/17,,30
808,15/1/17,,30
809,15/1/17,,30
810,15/1/17,,30
811,15/1/17,,30
812,15/1/17,,30
813,15/1/17,,30
814,15/1/17,17/3/17,30
815,15/1/17,,30
816,16/1/17,24/2/17,87
817,16/1/17,,87
818,16/1/17,23/2/17,87
819,16/1/17,24/3/17,87
820,16/1/17,16/2/17,87
821,16/1/17,25/2/17,87
822,16/1/17,,87
823,16/1/17,1/3/17,87
824,16/1/17,15/3/17,87
825,16/1/17,20/2/17,87
826,16/1/17,,30
827,16/1/17,,30
828,16/1/17,,30
829,16/1/17,,30
830,16/1/17,,30
831,16/1/17,,30
832,16/1/17,,30
833,16/1/17,,30
834,16/1/17,,30
835,16/1/17,,30
836,16/1/17,,30
837,17/1/17,21/2/17,87
838,17/1/17,2/3/17,87
839,17/1/17,31/3/17,87
840,17/1/17,19/2/17,87
841,17/1/17,1/3/17,87
842,17/1/17,10/3/17,87
843,17/1/17,,87
844,17/1/17,27/3/17,87
845,17/1/17,15/3/17,87
846,17/1/17,,30
847,17/1/17,,30
848,17/1/17,,30
849,17/1/17,,30
850,17/1/17,,30
851,17/1/17,,30
852,17/1/17,,30
853,17/1/17,17/2/17,30
854,17/1/17,,30
855,18/1/17,,87
856,18/1/17,,87
857,18/1/17,,87
858,18/1/17,,87
859,18/1/17,,30
860,18/1/17,,30
861,18/1/17,15/3/17,30
862,18/1/17,,30
863,18/1/17,,30
864,18/1/17,,30
865,18/1/17,,30
866,18/1/17,,30
867,19/1/17,,87
868,19/1/17,,87
869,19/1/17,23/3/17,87
870,19/1/17,,87
871,19/1/17,4/3/17,87
872,19/1/17,28/2/17,87
873,19/1/17,,87
874,19/1/17,,30
875,19/1/17,14/3/17,30
876,19/1/17,,30
877,19/1/17,10/3/17,30
878,19/1/17,,30
879,20/1/17,,87
880,20/1/17,19/3/17,87
881,20/1/17,22/3/17,87
882,20/1/17,,87
883,20/1/17,1/3/17,87
884,20/1/17,,87
885,20/1/17,,87
886,20/1/17,,87
887,20/1/17,,30
888,20/1/17,,30
889,20/1/17,,30
890,20/1/17,,30
891,20/1/17,7/3/17,30
892,20/1/17,,30
893,20/1/17,13/3/17,30
894,20/1/17,,30
895,20/1/17,27/3/17,30
896,20/1/17,,30
897,20/1/17,,30
898,21/1/17,9/3/17,87
899,21/1/17,16/3/17,87
900,21/1/17,,87
901,21/1/17,18/3/17,87
902,21/1/17,24/2/17,87
903,21/1/17,,87
904,21/1/17,21/3/17,87
905,21/1/17,,30
906,21/1/17,22/2/17,30
907,21/1/17,,30
908,21/1/17,,30
909,21/1/17,15/3/17,30
910,21/1/17,,30
911,21/1/17,13/3/17,30
912,22/1/17,27/2/17,87
913,22/1/17,,87
914,22/1/17,3/3/17,87
915,22/1/17,21/3/17,87
916,22/1/17,24/2/17,87
917,22/1/17,12/3/17,87
918,22/1/17,,87
919,22/1/17,,30
920,22/1/17,,30
921,22/1/17,,30
922,22/1/17,,30
923,22/1/17,,30
924,23/1/17,,87
925,23/1/17,23/3/17,87
926,23/1/17,5/3/17,87
927,23/1/17,19/3/17,87
928,23/1/17,10/3/17,87
929,23/1/17,10/3/17,87
930,23/1/17,14/3/17,87
931,23/1/17,,30
932,23/1/17,8/3/17,30
933,23/1/17,,30
934,23/1/17,12/3/17,30
935,23/1/17,,30
936,24/1/17,,87
937,24/1/17,,87
938,24/1/17,,87
939,24/1/17,16/3/17,87
940,24/1/17,27/2/17,87
941,24/1/17,20/3/17,87
942,24/1/17,,87
943,24/1/17,,87
944,24/1/17,,87
945,24/1/17,28/3/17,87
946,24/1/17,,87
947,24/1/17,17/3/17,87
948,24/1/17,13/3/17,87
949,24/1/17,,87
950,24/1/17,15/3/17,87
951,24/1/17,23/3/17,30
952,24/1/17,,30
953,24/1/17,15/3/17,30
954,24/1/17,,30
955,24/1/17,,30
956,24/1/17,,30
957,24/1/17,,30
958,24/1/17,,30
959,25/1/17,8/3/17,87
960,25/1/17,,87
961,25/1/17,11/3/17,87
962,25/1/17,,87
963,25/1/17,,87
964,25/1/17,20/3/17,87
965,25/1/17,,87
966,25/1/17,,87
967,25/1/17,,87
968,25/1/17,18/3/17,87
969,25/1/17,1/3/17,87
970,25/1/17,,87
971,25/1/17,,30
972,25/1/17,,30
973,25/1/17,,30
974,25/1/17,,30
975,25/1/17,,30
976,25/1/17,,30
977,25/1/17,,30
978,26/1/17,23/3/17,87
979,26/1/17,,87
980,26/1/17,,87
981,26/1/17,20/3/17,87
982,26/1/17,,87
983,26/1/17,21/3/17,87
984,26/1/17,25/3/17,87
985,26/1/17,,87
986,26/1/17,,30
987,26/1/17,,30
988,26/1/17,,30
989,26/1/17,,30
990,26/1/17,,30
991,26/1/17,26/2/17,30
992,26/1/17,,30
993,26/1/17,,30
994,26/1/17,,30
995,26/1/17,,30
996,26/1/17,,30
997,26/1/17,,30
998,26/1/17,,30
999,26/1/17,5/3/17,30
1000,26/1/17,,30
1001,27/1/17,,87
1002,27/1/17,20/3/17,87
1003,27/1/17,15/3/17,87
1004,27/1/17,,87
1005,27/1/17,,87
1006,27/1/17,23/3/17,87
1007,27/1/17,,87
1008,27/1/17,,30
1009,27/1/17,,30
1010,27/1/17,,30
1011,27/1/17,,30
1012,27/1/17,,30
1013,27/1/17,9/3/17,30
1014,27/1/17,,30
1015,27/1/17,,30
1016,28/1/17,13/3/17,87
1017,28/1/17,,87
1018,28/1/17,7/3/17,87
1019,28/1/17,,87
1020,28/1/17,1/3/17,87
1021,28/1/17,,87
1022,28/1/17,28/3/17,87
1023,28/1/17,30/3/17,87
1024,28/1/17,16/3/17,87
1025,28/1/17,,87
1026,28/1/17,12/3/17,87
1027,28/1/17,,30
1028,28/1/17,,30
1029,28/1/17,,30
1030,28/1/17,,30
1031,28/1/17,,30
1032,28/1/17,,30
1033,28/1/17,,30
1034,28/1/17,,30
1035,29/1/17,8/3/17,87
1036,29/1/17,,87
1037,29/1/17,,87
1038,29/1/17,8/3/17,87
1039,29/1/17,14/3/17,87
1040,29/1/17,,87
1041,29/1/17,,87
1042,29/1/17,20/3/17,87
1043,29/1/17,,87
1044,29/1/17,,30
1045,29/1/17,,30
1046,29/1/17,12/3/17,30
1047,29/1/17,,30
1048,29/1/17,,30
1049,29/1/17,,30
1050,29/1/17,,30
1051,29/1/17,,30
1052,29/1/17,,30
1053,29/1/17,,30
1054,29/1/17,,30
1055,30/1/17,19/3/17,87
1056,30/1/17,,87
1057,30/1/17,,87
1058,30/1/17,,87
1059,30/1/17,,87
1060,30/1/17,16/3/17,87
1061,30/1/17,28/3/17,87
1062,30/1/17,,30
1063,30/1/17,,30
1064,30/1/17,,30
1065,30/1/17,,30
1066,30/1/17,,30
1067,31/1/17,,87
1068,31/1/17,,87
1069,31/1/17,,87
1070,31/1/17,5/3/17,87
1071,31/1/17,,87
1072,31/1/17,,30
1073,31/1/17,,30
1074,31/1/17,14/3/17,30
1075,31/1/17,,30
1076,31/1/17,,30
1077,31/1/17,,30
1078,1/2/17,,87
1079,1/2/17,,87
1080,1/2/17,,87
1081,1/2/17,,87
1082,1/2/17,,30
1083,1/2/17,,30
1084,1/2/17,,30
1085,1/2/17,,30
1086,1/2/17,23/3/17,30
1087,1/2/17,,30
1088,1/2/17,,30
1089,1/2/17,23/3/17,30
1090,1/2/17,,30
1091,1/2/17,,30
1092,2/2/17,,87
1093,2/2/17,5/3/17,87
1094,2/2/17,,87
1095,2/2/17,,87
1096,2/2/17,,87
1097,2/2/17,15/3/17,87
1098,2/2/17,6/3/17,87
1099,2/2/17,,87
1100,2/2/17,,30
1101,2/2/17,,30
1102,2/2/17,,30
1103,2/2/17,,30
1104,2/2/17,25/3/17,30
1105,2/2/17,,30
1106,2/2/17,,30
1107,2/2/17,,30
1108,3/2/17,9/3/17,87
1109,3/2/17,,87
1110,3/2/17,,87
1111,3/2/17,7/3/17,87
1112,3/2/17,10/3/17,87
1113,3/2/17,16/3/17,87
1114,3/2/17,8/3/17,87
1115,3/2/17,,87
1116,3/2/17,,87
1117,3/2/17,,30
1118,3/2/17,,30
1119,3/2/17,,30
1120,3/2/17,,30
1121,3/2/17,,30
1122,3/2/17,,30
1123,3/2/17,,30
1124,3/2/17,,30
1125,4/2/17,,87
1126,4/2/17,21/3/17,87
1127,4/2/17,,87
1128,4/2/17,,87
1129,4/2/17,31/3/17,87
1130,4/2/17,26/3/17,87
1131,4/2/17,,87
1132,4/2/17,,87
1133,4/2/17,,30
1134,4/2/17,,30
1135,4/2/17,,30
1136,4/2/17,,30
1137,4/2/17,,30
1138,4/2/17,,30
1139,4/2/17,,30
1140,5/2/17,,87
1141,5/2/17,,87
1142,5/2/17,30/3/17,87
1143,5/2/17,,87
1144,5/2/17,,87
1145,5/2/17,,87
1146,5/2/17,13/3/17,30
1147,5/2/17,,30
1148,5/2/17,29/3/17,30
1149,5/2/17,,30
1150,5/2/17,,30
1151,5/2/17,,30
1152,6/2/17,,87
1153,6/2/17,,87
1154,6/2/17,18/3/17,87
1155,6/2/17,,87
1156,6/2/17,24/3/17,87
1157,6/2/17,30/3/17,87
1158,6/2/17,,87
1159,6/2/17,,87
1160,6/2/17,,87
1161,6/2/17,31/3/17,87
1162,6/2/17,,30
1163,6/2/17,,30
1164,6/2/17,,30
1165,6/2/17,,30
1166,6/2/17,,30
1167,6/2/17,,30
1168,6/2/17,,30
1169,6/2/17,,30
1170,7/2/17,,87
1171,7/2/17,,87
1172,7/2/17,,87
1173,7/2/17,,87
1174,7/2/17,,87
1175,7/2/17,28/3/17,87
1176,7/2/17,,87
1177,7/2/17,,30
1178,7/2/17,,30
1179,7/2/17,,30
1180,7/2/17,,30
1181,7/2/17,,30
1182,7/2/17,,30
1183,7/2/17,,30
1184,7/2/17,,30
1185,7/2/17,15/3/17,30
1186,7/2/17,18/3/17,30
1187,8/2/17,,87
1188,8/2/17,,87
1189,8/2/17,,87
1190,8/2/17,,87
1191,8/2/17,22/3/17,87
1192,8/2/17,,87
1193,8/2/17,,87
1194,8/2/17,,87
1195,8/2/17,,30
1196,8/2/17,,30
1197,8/2/17,,30
1198,8/2/17,,30
1199,8/2/17,,30
1200,8/2/17,,30
1201,8/2/17,,30
1202,8/2/17,28/3/17,30
1203,8/2/17,,30
1204,9/2/17,,87
1205,9/2/17,,87
1206,9/2/17,31/3/17,87
1207,9/2/17,23/3/17,87
1208,9/2/17,,87
1209,9/2/17,19/3/17,87
1210,9/2/17,17/3/17,87
1211,9/2/17,,87
1212,9/2/17,,30
1213,9/2/17,,30
1214,9/2/17,,30
1215,9/2/17,,30
1216,9/2/17,,30
1217,9/2/17,,30
1218,9/2/17,,30
1219,9/2/17,,30
1220,9/2/17,,30
1221,9/2/17,15/3/17,30
1222,9/2/17,,30
1223,10/2/17,,87
1224,10/2/17,29/3/17,87
1225,10/2/17,,87
1226,10/2/17,,87
1227,10/2/17,,87
1228,10/2/17,24/3/17,87
1229,10/2/17,22/3/17,87
1230,10/2/17,,30
1231,10/2/17,,30
1232,10/2/17,,30
1233,10/2/17,,30
1234,10/2/17,,30
1235,10/2/17,,30
1236,10/2/17,,30
1237,10/2/17,,30
1238,10/2/17,,30
1239,10/2/17,,30
1240,11/2/17,,87
1241,11/2/17,,87
1242,11/2/17,,87
1243,11/2/17,,87
1244,11/2/17,,87
1245,11/2/17,,87
1246,11/2/17,21/3/17,87
1247,11/2/17,,87
1248,11/2/17,,87
1249,11/2/17,,30
1250,11/2/17,,30
1251,11/2/17,,30
1252,11/2/17,,30
1253,11/2/17,,30
1254,11/2/17,,30
1255,11/2/17,,30
1256,11/2/17,23/3/17,30
1257,11/2/17,,30
1258,11/2/17,,30
1259,11/2/17,,30
1260,12/2/17,,87
1261,12/2/17,,87
1262,12/2/17,,87
1263,12/2/17,,87
1264,12/2/17,15/3/17,87
1265,12/2/17,25/3/17,87
1266,12/2/17,,87
1267,12/2/17,,87
1268,12/2/17,,87
1269,12/2/17,,30
1270,12/2/17,,30
1271,12/2/17,,30
1272,12/2/17,,30
1273,12/2/17,,30
1274,12/2/17,,30
1275,12/2/17,,30
1276,12/2/17,,30
1277,13/2/17,,87
1278,13/2/17,,87
1279,13/2/17,,87
1280,13/2/17,30/3/17,87
1281,13/2/17,,30
1282,13/2/17,,30
1283,13/2/17,,30
1284,13/2/17,,30
1285,13/2/17,,30
1286,13/2/17,,30
1287,13/2/17,,30
1288,14/2/17,,87
1289,14/2/17,,87
1290,14/2/17,21/3/17,87
1291,14/2/17,30/3/17,87
1292,14/2/17,,87
1293,14/2/17,,87
1294,14/2/17,,87
1295,14/2/17,31/3/17,87
1296,14/2/17,,30
1297,14/2/17,,30
1298,14/2/17,,30
1299,14/2/17,,30
1300,14/2/17,,30
1301,14/2/17,,30
1302,14/2/17,,30
1303,14/2/17,,30
1304,14/2/17,,30
1305,15/2/17,31/3/17,87
1306,15/2/17,18/3/17,87
1307,15/2/17,,87
1308,15/2/17,,87
1309,15/2/17,,87
1310,15/2/17,,87
1311,15/2/17,,30
1312,15/2/17,,30
1313,15/2/17,,30
1314,15/2/17,,30
1315,15/2/17,,30
1316,15/2/17,,30
1317,15/2/17,,30
1318,16/2/17,,87
1319,16/2/17,,87
1320,16/2/17,,87
1321,16/2/17,,87
1322,16/2/17,,30
1323,16/2/17,25/3/17,30
1324,16/2/17,23/3/17,30
1325,16/2/17,,30
1326,16/2/17,,30
1327,16/2/17,22/3/17,30
1328,16/2/17,,30
1329,16/2/17,,30
1330,17/2/17,,87
1331,17/2/17,26/3/17,87
1332,17/2/17,,87
1333,17/2/17,,87
1334,17/2/17,,87
1335,17/2/17,,87
1336,17/2/17,,30
1337,17/2/17,,30
1338,17/2/17,,30
1339,17/2/17,,30
1340,17/2/17,,30
1341,17/2/17,,30
1342,17/2/17,,30
1343,17/2/17,,30
1344,17/2/17,,30
1345,18/2/17,,87
1346,18/2/17,24/3/17,87
1347,18/2/17,,87
1348,18/2/17,25/3/17,87
1349,18/2/17,,87
1350,18/2/17,,30
1351,18/2/17,,30
1352,18/2/17,,30
1353,18/2/17,27/3/17,30
1354,18/2/17,,30
1355,18/2/17,31/3/17,30
1356,18/2/17,,30
1357,18/2/17,,30
1358,18/2/17,,30
1359,18/2/17,,30
1360,19/2/17,,87
1361,19/2/17,,87
1362,19/2/17,,87
1363,19/2/17,,87
1364,19/2/17,,87
1365,19/2/17,,87
1366,19/2/17,,87
1367,19/2/17,,87
1368,19/2/17,,87
1369,19/2/17,,30
1370,19/2/17,,30
1371,19/2/17,,30
1372,19/2/17,,30
1373,19/2/17,,30
1374,19/2/17,,30
1375,19/2/17,,30
1376,19/2/17,,30
1377,19/2/17,,30
1378,20/2/17,,87
1379,20/2/17,,87
1380,20/2/17,,87
1381,20/2/17,29/3/17,87
1382,20/2/17,,87
1383,20/2/17,,87
1384,20/2/17,,87
1385,20/2/17,,87
1386,20/2/17,,87
1387,20/2/17,,87
1388,20/2/17,27/3/17,87
1389,20/2/17,,87
1390,20/2/17,,30
1391,20/2/17,,30
1392,20/2/17,,30
1393,20/2/17,,30
1394,20/2/17,,30
1395,20/2/17,,30
1396,20/2/17,,30
1397,21/2/17,,87
1398,21/2/17,,87
1399,21/2/17,,87
1400,21/2/17,,87
1401,21/2/17,,87
1402,21/2/17,,87
1403,21/2/17,,30
1404,21/2/17,,30
1405,21/2/17,,30
1406,21/2/17,,30
1407,21/2/17,,30
1408,21/2/17,,30
1409,21/2/17,,30
1410,21/2/17,,30
1411,21/2/17,,30
1412,21/2/17,,30
1413,22/2/17,,87
1414,22/2/17,,87
1415,22/2/17,,87
1416,22/2/17,,87
1417,22/2/17,,87
1418,22/2/17,,30
1419,22/2/17,,30
1420,22/2/17,,30
1421,22/2/17,,30
1422,23/2/17,,87
1423,23/2/17,,87
1424,23/2/17,,87
1425,23/2/17,,87
1426,23/2/17,,87
1427,23/2/17,31/3/17,87
1428,23/2/17,,87
1429,23/2/17,,87
1430,23/2/17,,87
1431,23/2/17,,87
1432,23/2/17,,87
1433,23/2/17,,87
1434,23/2/17,,87
1435,23/2/17,,30
1436,23/2/17,,30
1437,23/2/17,,30
1438,23/2/17,,30
1439,23/2/17,,30
1440,23/2/17,,30
1441,24/2/17,,87
1442,24/2/17,,87
1443,24/2/17,,87
1444,24/2/17,,87
1445,24/2/17,,87
1446,24/2/17,,87
1447,24/2/17,,30
1448,24/2/17,,30
1449,24/2/17,,30
1450,24/2/17,,30
1451,24/2/17,,30
1452,24/2/17,,30
1453,25/2/17,,87
1454,25/2/17,,87
1455,25/2/17,,87
1456,25/2/17,,87
1457,25/2/17,,87
1458,25/2/17,,87
1459,25/2/17,,87
1460,25/2/17,,87
1461,25/2/17,,87
1462,25/2/17,,87
1463,25/2/17,,87
1464,25/2/17,,30
1465,25/2/17,,30
1466,25/2/17,,30
1467,25/2/17,,30
1468,25/2/17,,30
1469,25/2/17,,30
1470,25/2/17,,30
1471,25/2/17,,30
1472,25/2/17,,30
1473,26/2/17,,87
1474,26/2/17,29/3/17,87
1475,26/2/17,,87
1476,26/2/17,,87
1477,26/2/17,,87
1478,26/2/17,,87
1479,26/2/17,,87
1480,26/2/17,,87
1481,26/2/17,,87
1482,26/2/17,,30
1483,26/2/17,,30
1484,26/2/17,,30
1485,26/2/17,,30
1486,26/2/17,,30
1487,26/2/17,,30
1488,26/2/17,,30
1489,27/2/17,,87
1490,27/2/17,,87
1491,27/2/17,,87
1492,27/2/17,,87
1493,27/2/17,,87
1494,27/2/17,,87
1495,27/2/17,,87
1496,27/2/17,30/3/17,87
1497,27/2/17,,87
1498,27/2/17,,87
1499,27/2/17,,87
1500,27/2/17,,30
1501,27/2/17,,30
1502,27/2/17,,30
1503,27/2/17,,30
1504,27/2/17,,30
1505,27/2/17,,30
1506,27/2/17,,30
1507,27/2/17,,30
1508,27/2/17,,30
1509,27/2/17,,30
1510,27/2/17,,30
1511,27/2/17,,30
1512,27/2/17,,30
1513,28/2/17,,87
1514,28/2/17,,87
1515,28/2/17,,87
1516,28/2/17,,87
1517,28/2/17,,87
1518,28/2/17,,87
1519,28/2/17,,87
1520,28/2/17,,87
1521,28/2/17,,87
1522,28/2/17,,87
1523,28/2/17,,87
1524,28/2/17,,87
1525,28/2/17,,87
1526,28/2/17,,87
1527,28/2/17,,30
1528,28/2/17,,30
1529,28/2/17,,30
1530,28/2/17,,30
1531,28/2/17,,30
1532,28/2/17,,30
1533,28/2/17,,30
1534,28/2/17,,30
1535,28/2/17,,30
1536,28/2/17,,30
1537,28/2/17,,30
1538,1/3/17,,87
1539,1/3/17,,87
1540,1/3/17,,87
1541,1/3/17,,87
1542,1/3/17,,87
1543,1/3/17,,87
1544,1/3/17,,87
1545,1/3/17,,87
1546,1/3/17,,87
1547,1/3/17,,87
1548,1/3/17,,87
1549,1/3/17,,87
1550,1/3/17,,30
1551,1/3/17,,30
1552,1/3/17,,30
1553,1/3/17,,30
1554,1/3/17,,30
1555,1/3/17,,30
1556,1/3/17,,30
1557,1/3/17,,30
1558,1/3/17,,30
1559,2/3/17,,87
1560,2/3/17,,87
1561,2/3/17,,87
1562,2/3/17,,87
1563,2/3/17,,87
1564,2/3/17,,30
1565,2/3/17,,30
1566,2/3/17,,30
1567,2/3/17,,30
1568,2/3/17,,30
1569,3/3/17,,87
1570,3/3/17,,87
1571,3/3/17,,30
1572,3/3/17,,30
1573,3/3/17,,30
1574,3/3/17,,30
1575,3/3/17,,30
1576,3/3/17,,30
1577,3/3/17,,30
1578,3/3/17,,30
1579,3/3/17,,30
1580,3/3/17,,30
1581,3/3/17,,30
1582,3/3/17,,30
1583,4/3/17,,87
1584,4/3/17,,87
1585,4/3/17,,87
1586,4/3/17,,87
1587,4/3/17,,87
1588,4/3/17,,87
1589,4/3/17,,30
1590,4/3/17,,30
1591,4/3/17,,30
1592,4/3/17,,30
1593,4/3/17,,30
1594,4/3/17,,30
1595,4/3/17,,30
1596,4/3/17,,30
1597,4/3/17,,30
1598,4/3/17,,30
1599,5/3/17,,87
1600,5/3/17,,87
1601,5/3/17,,87
1602,5/3/17,,87
1603,5/3/17,,87
1604,5/3/17,,30
1605,5/3/17,,30
1606,5/3/17,,30
1607,5/3/17,,30
1608,5/3/17,,30
1609,5/3/17,,30
1610,6/3/17,,87
1611,6/3/17,,87
1612,6/3/17,,87
1613,6/3/17,,87
1614,6/3/17,,87
1615,6/3/17,,30
1616,6/3/17,,30
1617,6/3/17,,30
1618,6/3/17,,30
1619,6/3/17,,30
1620,6/3/17,,30
1621,6/3/17,,30
1622,6/3/17,,30
1623,6/3/17,,30
1624,6/3/17,,30
1625,7/3/17,,87
1626,7/3/17,,87
1627,7/3/17,,87
1628,7/3/17,,87
1629,7/3/17,,87
1630,7/3/17,,87
1631,7/3/17,,87
1632,7/3/17,,87
1633,7/3/17,,87
1634,7/3/17,,30
1635,7/3/17,,30
1636,7/3/17,,30
1637,7/3/17,,30
1638,7/3/17,,30
1639,7/3/17,,30
1640,7/3/17,,30
1641,7/3/17,,30
1642,8/3/17,,87
1643,8/3/17,,87
1644,8/3/17,,87
1645,8/3/17,,87
1646,8/3/17,,87
1647,8/3/17,,87
1648,8/3/17,,87
1649,8/3/17,,87
1650,8/3/17,,87
1651,8/3/17,,30
1652,8/3/17,,30
1653,8/3/17,,30
1654,8/3/17,,30
1655,8/3/17,,30
1656,8/3/17,,30
1657,9/3/17,,87
1658,9/3/17,,87
1659,9/3/17,,87
1660,9/3/17,,87
1661,9/3/17,,87
1662,9/3/17,,87
1663,9/3/17,,87
1664,9/3/17,,87
1665,9/3/17,,87
1666,9/3/17,,87
1667,9/3/17,,87
1668,9/3/17,,87
1669,9/3/17,,87
1670,9/3/17,,30
1671,9/3/17,,30
1672,9/3/17,,30
1673,9/3/17,,30
1674,9/3/17,,30
1675,9/3/17,,30
1676,9/3/17,,30
1677,9/3/17,,30
1678,10/3/17,,87
1679,10/3/17,,87
1680,10/3/17,,87
1681,10/3/17,,87
1682,10/3/17,,87
1683,10/3/17,,87
1684,10/3/17,,87
1685,10/3/17,,87
1686,10/3/17,,30
1687,10/3/17,,30
1688,10/3/17,,30
1689,10/3/17,,30
1690,10/3/17,,30
1691,10/3/17,,30
1692,10/3/17,,30
1693,10/3/17,,30
1694,11/3/17,,87
1695,11/3/17,,87
1696,11/3/17,,87
1697,11/3/17,,87
1698,11/3/17,,87
1699,11/3/17,,87
1700,11/3/17,,87
1701,11/3/17,,30
1702,11/3/17,,30
1703,11/3/17,,30
1704,11/3/17,,30
1705,12/3/17,,87
1706,12/3/17,,87
1707,12/3/17,,87
1708,12/3/17,,87
1709,12/3/17,,87
1710,12/3/17,,87
1711,12/3/17,,87
1712,12/3/17,,87
1713,12/3/17,,87
1714,12/3/17,,87
1715,12/3/17,,30
1716,12/3/17,,30
1717,12/3/17,,30
1718,12/3/17,,30
1719,12/3/17,,30
1720,12/3/17,,30
1721,12/3/17,,30
1722,13/3/17,,87
1723,13/3/17,,87
1724,13/3/17,,87
1725,13/3/17,,87
1726,13/3/17,,87
1727,13/3/17,,30
1728,13/3/17,,30
1729,13/3/17,,30
1730,13/3/17,,30
1731,13/3/17,,30
1732,13/3/17,,30
1733,13/3/17,,30
1734,13/3/17,,30
1735,13/3/17,,30
1736,13/3/17,,30
1737,13/3/17,,30
1738,13/3/17,,30
1739,14/3/17,,87
1740,14/3/17,,87
1741,14/3/17,,87
1742,14/3/17,,87
1743,14/3/17,,87
1744,14/3/17,,87
1745,14/3/17,,87
1746,14/3/17,,87
1747,14/3/17,,30
1748,14/3/17,,30
1749,14/3/17,,30
1750,14/3/17,,30
1751,14/3/17,,30
1752,14/3/17,,30
1753,14/3/17,,30
1754,14/3/17,,30
1755,14/3/17,,30
1756,14/3/17,,30
1757,14/3/17,,30
1758,14/3/17,,30
1759,15/3/17,,87
1760,15/3/17,,87
1761,15/3/17,,87
1762,15/3/17,,87
1763,15/3/17,,87
1764,15/3/17,,87
1765,15/3/17,,87
1766,15/3/17,,87
1767,15/3/17,,87
1768,15/3/17,,87
1769,15/3/17,,87
1770,15/3/17,,30
1771,15/3/17,,30
1772,15/3/17,,30
1773,15/3/17,,30
1774,15/3/17,,30
1775,15/3/17,,30
1776,16/3/17,,87
1777,16/3/17,,87
1778,16/3/17,,87
1779,16/3/17,,87
1780,16/3/17,,30
1781,16/3/17,,30
1782,16/3/17,,30
1783,16/3/17,,30
1784,16/3/17,,30
1785,16/3/17,,30
1786,16/3/17,,30
1787,16/3/17,,30
1788,16/3/17,,30
1789,16/3/17,,30
1790,16/3/17,,30
1791,16/3/17,,30
1792,16/3/17,,30
1793,17/3/17,,87
1794,17/3/17,,87
1795,17/3/17,,87
1796,17/3/17,,87
1797,17/3/17,,87
1798,17/3/17,,87
1799,17/3/17,,87
1800,17/3/17,,87
1801,17/3/17,,87
1802,17/3/17,,87
1803,17/3/17,,87
1804,17/3/17,,87
1805,17/3/17,,87
1806,17/3/17,,30
1807,17/3/17,,30
1808,17/3/17,,30
1809,17/3/17,,30
1810,17/3/17,,30
1811,17/3/17,,30
1812,18/3/17,,87
1813,18/3/17,,87
1814,18/3/17,,87
1815,18/3/17,,87
1816,18/3/17,,87
1817,18/3/17,,87
1818,18/3/17,,87
1819,18/3/17,,87
1820,18/3/17,,87
1821,18/3/17,,30
1822,18/3/17,,30
1823,18/3/17,,30
1824,18/3/17,,30
1825,18/3/17,,30
1826,18/3/17,,30
1827,18/3/17,,30
1828,18/3/17,,30
1829,19/3/17,,87
1830,19/3/17,,87
1831,19/3/17,,87
1832,19/3/17,,87
1833,19/3/17,,87
1834,19/3/17,,87
1835,19/3/17,,87
1836,19/3/17,,87
1837,19/3/17,,30
1838,19/3/17,,30
1839,19/3/17,,30
1840,20/3/17,,87
1841,20/3/17,,87
1842,20/3/17,,87
1843,20/3/17,,87
1844,20/3/17,,87
1845,20/3/17,,87
1846,20/3/17,,87
1847,20/3/17,,87
1848,20/3/17,,87
1849,20/3/17,,87
1850,20/3/17,,87
1851,20/3/17,,87
1852,20/3/17,,87
1853,20/3/17,,87
1854,20/3/17,,87
1855,20/3/17,,87
1856,20/3/17,,30
1857,20/3/17,,30
1858,20/3/17,,30
1859,20/3/17,,30
1860,20/3/17,,30
1861,20/3/17,,30
1862,20/3/17,,30
1863,21/3/17,,87
1864,21/3/17,,87
1865,21/3/17,,87
1866,21/3/17,,87
1867,21/3/17,,87
1868,21/3/17,,87
1869,21/3/17,,87
1870,21/3/17,,87
1871,21/3/17,,87
1872,21/3/17,,30
1873,21/3/17,,30
1874,21/3/17,,30
1875,21/3/17,,30
1876,21/3/17,,30
1877,21/3/17,,30
1878,21/3/17,,30
1879,21/3/17,,30
1880,22/3/17,,87
1881,22/3/17,,87
1882,22/3/17,,87
1883,22/3/17,,87
1884,22/3/17,,87
1885,22/3/17,,87
1886,22/3/17,,87
1887,22/3/17,,87
1888,22/3/17,,30
1889,22/3/17,,30
1890,22/3/17,,30
1891,22/3/17,,30
1892,22/3/17,,30
1893,22/3/17,,30
1894,22/3/17,,30
1895,22/3/17,,30
1896,23/3/17,,87
1897,23/3/17,,87
1898,23/3/17,,87
1899,23/3/17,,87
1900,23/3/17,,87
1901,23/3/17,,87
1902,23/3/17,,87
1903,23/3/17,,87
1904,23/3/17,,30
1905,23/3/17,,30
1906,23/3/17,,30
1907,24/3/17,,87
1908,24/3/17,,87
1909,24/3/17,,87
1910,24/3/17,,87
1911,24/3/17,,87
1912,24/3/17,,87
1913,24/3/17,,30
1914,24/3/17,,30
1915,24/3/17,,30
1916,25/3/17,,87
1917,25/3/17,,87
1918,25/3/17,,87
1919,25/3/17,,87
1920,25/3/17,,87
1921,25/3/17,,87
1922,25/3/17,,30
1923,25/3/17,,30
1924,25/3/17,,30
1925,25/3/17,,30
1926,25/3/17,,30
1927,25/3/17,,30
1928,26/3/17,,87
1929,26/3/17,,87
1930,26/3/17,,87
1931,26/3/17,,87
1932,26/3/17,,87
1933,26/3/17,,87
1934,26/3/17,,87
1935,26/3/17,,87
1936,26/3/17,,87
1937,26/3/17,,87
1938,26/3/17,,87
1939,26/3/17,,30
1940,26/3/17,,30
1941,26/3/17,,30
1942,26/3/17,,30
1943,27/3/17,,87
1944,27/3/17,,87
1945,27/3/17,,87
1946,27/3/17,,87
1947,27/3/17,,87
1948,27/3/17,,87
1949,27/3/17,,87
1950,27/3/17,,87
1951,27/3/17,,30
1952,27/3/17,,30
1953,27/3/17,,30
1954,27/3/17,,30
1955,27/3/17,,30
1956,27/3/17,,30
1957,27/3/17,,30
1958,27/3/17,,30
1959,27/3/17,,30
1960,27/3/17,,30
1961,27/3/17,,30
1962,28/3/17,,87
1963,28/3/17,,87
1964,28/3/17,,87
1965,28/3/17,,87
1966,28/3/17,,87
1967,28/3/17,,87
1968,28/3/17,,87
1969,28/3/17,,87
1970,28/3/17,,87
1971,28/3/17,,30
1972,28/3/17,,30
1973,28/3/17,,30
1974,28/3/17,,30
1975,28/3/17,,30
1976,28/3/17,,30
1977,29/3/17,,87
1978,29/3/17,,87
1979,29/3/17,,87
1980,29/3/17,,87
1981,29/3/17,,87
1982,29/3/17,,87
1983,29/3/17,,87
1984,29/3/17,,30
1985,29/3/17,,30
1986,29/3/17,,30
1987,29/3/17,,30
1988,29/3/17,,30
1989,29/3/17,,30
1990,29/3/17,,30
1991,30/3/17,,87
1992,30/3/17,,87
1993,30/3/17,,87
1994,30/3/17,,87
1995,30/3/17,,30
1996,30/3/17,,30
1997,30/3/17,,30
1998,30/3/17,,30
1999,30/3/17,,30
2000,30/3/17,,30